{"stats":{"minecraft:killed_by":{"minecraft:player":1},"minecraft:killed":{"minecraft:pig":2},"minecraft:used":{"minecraft:oak_fence":3,"minecraft:oak_trapdoor":11,"minecraft:trident":604,"minecraft:writable_book":2,"minecraft:orange_concrete":2,"minecraft:flint_and_steel":11,"minecraft:red_concrete":17,"minecraft:spruce_slab":1,"minecraft:carrot_on_a_stick":188,"minecraft:oak_sign":18,"minecraft:ladder":36,"minecraft:spruce_planks":15,"minecraft:chest":3,"minecraft:tinted_glass":84,"minecraft:stone":228,"minecraft:player_head":16,"minecraft:debug_stick":36,"minecraft:oak_door":17,"minecraft:torch":271,"minecraft:spyglass":9,"minecraft:dirt":59,"minecraft:anvil":5,"minecraft:target":1,"minecraft:white_carpet":86,"minecraft:raw_iron_block":17,"minecraft:milk_bucket":13,"minecraft:obsidian":13,"minecraft:glass":1291,"minecraft:brown_terracotta":2,"minecraft:dark_oak_planks":36,"minecraft:lava_bucket":125,"minecraft:bookshelf":13,"minecraft:iron_block":22,"minecraft:grass_block":298,"minecraft:oak_stairs":208,"minecraft:dark_oak_slab":10,"minecraft:smooth_quartz":4,"minecraft:raw_gold_block":381,"minecraft:stone_bricks":1,"minecraft:item_frame":21,"minecraft:raw_copper_block":104,"minecraft:bow":7,"minecraft:brown_carpet":1,"minecraft:hay_block":8,"minecraft:written_book":3,"minecraft:sweet_berries":102,"minecraft:oak_sapling":37,"minecraft:white_stained_glass_pane":12,"minecraft:minecart":72,"minecraft:acacia_planks":137,"minecraft:orange_terracotta":16,"minecraft:light_blue_carpet":2,"minecraft:emerald_ore":6,"minecraft:dark_oak_stairs":2,"minecraft:water_bucket":197,"minecraft:end_rod":2,"minecraft:cow_spawn_egg":1,"minecraft:cobblestone_stairs":27,"minecraft:dirt_path":173,"minecraft:spruce_door":7,"minecraft:prismarine_brick_slab":1,"minecraft:polished_andesite":58,"minecraft:powered_rail":406,"minecraft:oak_planks":321,"minecraft:ender_pearl":216,"minecraft:black_shulker_box":6,"minecraft:redstone_block":96,"minecraft:jungle_boat":8,"minecraft:oak_leaves":13,"minecraft:pink_concrete":67,"minecraft:dark_oak_trapdoor":2,"minecraft:rail":113,"minecraft:tnt":29,"minecraft:crafting_table":2,"minecraft:light_blue_wool":2,"minecraft:blast_furnace":1,"minecraft:birch_sign":3,"minecraft:crossbow":12,"minecraft:lime_shulker_box":2,"minecraft:lingering_potion":2,"minecraft:black_bed":3,"minecraft:redstone_torch":55,"minecraft:lever":2,"minecraft:ender_eye":24,"minecraft:activator_rail":15,"minecraft:black_concrete":16,"minecraft:firework_rocket":816,"minecraft:light_gray_concrete":1,"minecraft:barrier":5,"minecraft:pig_spawn_egg":6,"minecraft:oak_pressure_plate":5,"minecraft:flowering_azalea_leaves":118,"minecraft:soul_lantern":5,"minecraft:stone_axe":9,"minecraft:cobblestone":255,"minecraft:potion":18,"minecraft:white_stained_glass":2,"minecraft:andesite":15,"minecraft:bucket":4,"minecraft:glass_pane":15,"minecraft:oak_boat":8,"minecraft:end_portal_frame":29,"minecraft:stripped_oak_log":12,"minecraft:white_concrete":109,"minecraft:bone_meal":181,"minecraft:splash_potion":2275,"minecraft:soul_torch":16},"minecraft:mined":{"minecraft:crafting_table":1,"minecraft:tall_grass":4,"minecraft:oak_planks":1,"minecraft:birch_log":7},"minecraft:dropped":{"minecraft:porkchop":9,"minecraft:tnt":1,"minecraft:ender_pearl":1,"minecraft:minecart":4,"minecraft:crossbow":1,"minecraft:spectral_arrow":1,"minecraft:raw_gold_block":1,"minecraft:iron_block":1,"minecraft:dead_bush":1,"minecraft:writable_book":1,"minecraft:bone_meal":1,"minecraft:sunflower":2,"minecraft:dandelion":3,"minecraft:pig_spawn_egg":3,"minecraft:wheat":1,"minecraft:obsidian":2,"minecraft:dirt_path":1,"minecraft:glass_pane":1,"minecraft:flint_and_steel":1,"minecraft:stone":1,"minecraft:trident":7,"minecraft:ladder":1,"minecraft:birch_sign":1,"minecraft:splash_potion":4,"minecraft:firework_rocket":1},"minecraft:custom":{"minecraft:interact_with_smithing_table":3,"minecraft:mob_kills":2,"minecraft:interact_with_anvil":5,"minecraft:interact_with_crafting_table":7,"minecraft:open_shulker_box":27,"minecraft:leave_game":63,"minecraft:time_since_death":1008100,"minecraft:climb_one_cm":44191,"minecraft:sprint_one_cm":1298013,"minecraft:walk_one_cm":2107196,"minecraft:drop":47,"minecraft:target_hit":4,"minecraft:play_time":1524682,"minecraft:deaths":12,"minecraft:sneak_time":14041,"minecraft:walk_under_water_one_cm":894355,"minecraft:boat_one_cm":307657,"minecraft:jump":6849,"minecraft:walk_on_water_one_cm":324512,"minecraft:total_world_time":1122013,"minecraft:interact_with_furnace":13,"minecraft:tune_noteblock":2,"minecraft:sleep_in_bed":1,"minecraft:time_since_rest":471270,"minecraft:open_enderchest":3,"minecraft:damage_taken":800,"minecraft:minecart_one_cm":685534,"minecraft:damage_dealt":170,"minecraft:swim_one_cm":19364,"minecraft:fly_one_cm":5183422,"minecraft:open_chest":53,"minecraft:pig_one_cm":741505,"minecraft:crouch_one_cm":16176,"minecraft:aviate_one_cm":11734992,"minecraft:fall_one_cm":12381},"minecraft:picked_up":{"minecraft:crafting_table":1,"minecraft:wheat":1,"minecraft:splash_potion":5,"minecraft:elytra":1,"minecraft:white_carpet":1,"minecraft:item_frame":2,"minecraft:glass_pane":2,"minecraft:oak_boat":2,"minecraft:redstone_torch":4,"minecraft:player_head":2,"minecraft:minecart":4,"minecraft:egg":6,"minecraft:stick":1,"minecraft:stone":3,"minecraft:raw_gold_block":1,"minecraft:oak_door":3,"minecraft:torch":15,"minecraft:porkchop":15,"minecraft:dirt_path":1,"minecraft:trident":4,"minecraft:iron_block":1,"minecraft:saddle":2,"minecraft:obsidian":2,"minecraft:rail":5,"minecraft:birch_log":7,"minecraft:kelp":3,"minecraft:wheat_seeds":6,"minecraft:powered_rail":34,"minecraft:oak_planks":1,"minecraft:pig_spawn_egg":3,"minecraft:dandelion":6,"minecraft:lava_bucket":1,"minecraft:sand":1,"minecraft:dead_bush":1,"minecraft:spectral_arrow":1,"minecraft:firework_rocket":1,"minecraft:netherite_helmet":1,"minecraft:soul_lantern":1,"minecraft:lever":1,"minecraft:light_blue_carpet":1,"minecraft:crossbow":1,"minecraft:birch_sign":1,"minecraft:sunflower":2},"minecraft:crafted":{"minecraft:chest":1,"minecraft:crafting_table":1,"minecraft:spruce_planks":4,"minecraft:birch_planks":28}},"DataVersion":2860}