{"stats":{"minecraft:mined":{"minecraft:grass_block":1},"minecraft:custom":{"minecraft:inspect_dropper":1,"minecraft:interact_with_anvil":19,"minecraft:mob_kills":9,"minecraft:inspect_hopper":13,"minecraft:open_barrel":1,"minecraft:fill_cauldron":3,"minecraft:open_shulker_box":3,"minecraft:leave_game":40,"minecraft:time_since_death":370819,"minecraft:climb_one_cm":81943,"minecraft:sprint_one_cm":900643,"minecraft:walk_one_cm":1521754,"minecraft:drop":37,"minecraft:talked_to_villager":1,"minecraft:deaths":1,"minecraft:sneak_time":48671,"minecraft:walk_under_water_one_cm":983594,"minecraft:boat_one_cm":346775,"minecraft:jump":4286,"minecraft:walk_on_water_one_cm":179971,"minecraft:enchant_item":3,"minecraft:tune_noteblock":18,"minecraft:play_one_minute":1340399,"minecraft:interact_with_loom":3,"minecraft:time_since_rest":371173,"minecraft:open_enderchest":7,"minecraft:damage_taken":50,"minecraft:minecart_one_cm":209236,"minecraft:damage_dealt":1417,"minecraft:swim_one_cm":102944,"minecraft:fly_one_cm":2703825,"minecraft:player_kills":1,"minecraft:open_chest":20,"minecraft:crouch_one_cm":51798,"minecraft:aviate_one_cm":6788892,"minecraft:fall_one_cm":2402,"minecraft:inspect_dispenser":64},"minecraft:picked_up":{"minecraft:lingering_potion":1,"minecraft:splash_potion":5,"minecraft:chest_minecart":2,"minecraft:oak_stairs":2,"minecraft:potion":2,"minecraft:heavy_weighted_pressure_plate":1,"minecraft:elytra":2,"minecraft:item_frame":1,"minecraft:white_carpet":1,"minecraft:pufferfish":3,"minecraft:oak_sign":9,"minecraft:glass_pane":1,"minecraft:comparator":1,"minecraft:redstone_torch":11,"minecraft:oak_boat":1,"minecraft:ender_eye":1,"minecraft:player_head":1,"minecraft:enchanted_golden_apple":1,"minecraft:minecart":1,"minecraft:torch":2,"minecraft:porkchop":7,"minecraft:stone_button":11,"minecraft:redstone":1,"minecraft:stone_pressure_plate":1,"minecraft:brown_carpet":1,"minecraft:orange_bed":1,"minecraft:arrow":225,"minecraft:rotten_flesh":3,"minecraft:cow_spawn_egg":1,"minecraft:saddle":3,"minecraft:rail":5,"minecraft:cobblestone":1,"minecraft:water_bucket":1,"minecraft:end_portal_frame":1,"minecraft:filled_map":1,"minecraft:dirt":1,"minecraft:bone":2,"minecraft:kelp":1,"minecraft:wheat_seeds":2,"minecraft:glass_bottle":1,"minecraft:powered_rail":12,"minecraft:oak_planks":1,"minecraft:scaffolding":35,"minecraft:milk_bucket":1,"minecraft:grass_block":1,"minecraft:firework_rocket":68,"minecraft:spruce_boat":1,"minecraft:spruce_sign":2,"minecraft:ender_pearl":15},"minecraft:killed":{"minecraft:pufferfish":2,"minecraft:skeleton":1,"minecraft:pig":2,"minecraft:zombie":2,"minecraft:villager":2},"minecraft:dropped":{"minecraft:acacia_boat":1,"minecraft:glass_bottle":1,"minecraft:elytra":1,"minecraft:torch":1,"minecraft:oak_stairs":1,"minecraft:jungle_boat":1,"minecraft:dark_oak_boat":1,"minecraft:redstone":1,"minecraft:player_head":3,"minecraft:spruce_boat":7,"minecraft:oak_boat":6,"minecraft:redstone_torch":1,"minecraft:birch_boat":6,"minecraft:firework_rocket":6},"minecraft:used":{"minecraft:oak_fence":38,"minecraft:stripped_acacia_wood":7,"minecraft:netherite_sword":23,"minecraft:iron_bars":41,"minecraft:writable_book":7,"minecraft:enchanting_table":1,"minecraft:flint_and_steel":2,"minecraft:brain_coral_fan":19,"minecraft:armor_stand":7,"minecraft:dispenser":40,"minecraft:carved_pumpkin":3,"minecraft:stone_shovel":5,"minecraft:spruce_slab":9,"minecraft:redstone":72,"minecraft:zombie_villager_spawn_egg":1,"minecraft:ladder":1,"minecraft:oak_sign":19,"minecraft:chest":20,"minecraft:ender_chest":2,"minecraft:stone":631,"minecraft:zombie_spawn_egg":5,"minecraft:red_nether_brick_stairs":2,"minecraft:warped_sign":9,"minecraft:bubble_coral":6,"minecraft:quartz_stairs":28,"minecraft:grass":2,"minecraft:debug_stick":8,"minecraft:player_head":45,"minecraft:farmland":6,"minecraft:netherrack":1,"minecraft:tube_coral":7,"minecraft:orange_bed":4,"minecraft:spruce_leaves":24,"minecraft:torch":13,"minecraft:dirt":177,"minecraft:anvil":11,"minecraft:stray_spawn_egg":1,"minecraft:skeleton_spawn_egg":3,"minecraft:white_carpet":4,"minecraft:hopper":99,"minecraft:crimson_hyphae":39,"minecraft:cobblestone_wall":24,"minecraft:stone_stairs":2,"minecraft:cod_bucket":10,"minecraft:salmon_bucket":19,"minecraft:warped_pressure_plate":1,"minecraft:spruce_fence":2,"minecraft:stripped_spruce_log":9,"minecraft:obsidian":206,"minecraft:shroomlight":51,"minecraft:spruce_boat":2,"minecraft:glass":55,"minecraft:dark_oak_planks":96,"minecraft:packed_ice":8,"minecraft:honey_block":46,"minecraft:sea_lantern":2,"minecraft:lava_bucket":7,"minecraft:chipped_anvil":1,"minecraft:bookshelf":22,"minecraft:quartz_pillar":45,"minecraft:villager_spawn_egg":10,"minecraft:warped_hyphae":47,"minecraft:quartz_slab":3,"minecraft:lantern":55,"minecraft:iron_block":1077,"minecraft:grass_block":477,"minecraft:oak_stairs":309,"minecraft:slime_block":50,"minecraft:warped_fence":1,"minecraft:acacia_slab":19,"minecraft:quartz_block":21,"minecraft:spawner":1,"minecraft:netherite_hoe":10,"minecraft:smooth_quartz":10,"minecraft:barrel":9,"minecraft:crimson_planks":9,"minecraft:stone_brick_stairs":17,"minecraft:stone_bricks":181,"minecraft:item_frame":56,"minecraft:tall_grass":6,"minecraft:repeater":18,"minecraft:tripwire_hook":3,"minecraft:glowstone":70,"minecraft:redstone_lamp":37,"minecraft:scaffolding":37,"minecraft:horn_coral":13,"minecraft:hay_block":6,"minecraft:written_book":12,"minecraft:iron_trapdoor":7,"minecraft:furnace":1,"minecraft:drowned_spawn_egg":1,"minecraft:minecart":5,"minecraft:acacia_fence":4,"minecraft:gold_block":1,"minecraft:horn_coral_block":104,"minecraft:stone_pressure_plate":9,"minecraft:end_stone_brick_stairs":36,"minecraft:observer":32,"minecraft:orange_terracotta":42,"minecraft:horn_coral_fan":21,"minecraft:brain_coral_block":67,"minecraft:dark_oak_stairs":28,"minecraft:water_bucket":540,"minecraft:warped_stem":1,"minecraft:diorite":1,"minecraft:tube_coral_fan":17,"minecraft:cow_spawn_egg":1,"minecraft:tube_coral_block":42,"minecraft:cobblestone_stairs":83,"minecraft:dropper":2,"minecraft:powered_rail":35,"minecraft:acacia_trapdoor":13,"minecraft:oak_planks":1133,"minecraft:bubble_coral_fan":10,"minecraft:black_glazed_terracotta":117,"minecraft:redstone_block":161,"minecraft:spruce_sign":6,"minecraft:cauldron":5,"minecraft:blue_bed":1,"minecraft:clay":2,"minecraft:smooth_quartz_stairs":65,"minecraft:oak_leaves":259,"minecraft:brain_coral":13,"minecraft:polished_blackstone_pressure_plate":8,"minecraft:dark_oak_trapdoor":28,"minecraft:sand":36,"minecraft:rail":56,"minecraft:comparator":3,"minecraft:oak_slab":24,"minecraft:crafting_table":1,"minecraft:loom":2,"minecraft:phantom_spawn_egg":1,"minecraft:black_banner":8,"minecraft:campfire":5,"minecraft:sponge":46,"minecraft:dark_oak_fence_gate":1,"minecraft:note_block":7,"minecraft:stone_brick_wall":7,"minecraft:painting":16,"minecraft:end_stone":38,"minecraft:spruce_log":33,"minecraft:warped_planks":49,"minecraft:creeper_spawn_egg":3,"minecraft:redstone_torch":4,"minecraft:oak_log":122,"minecraft:sticky_piston":81,"minecraft:piston":22,"minecraft:lever":3,"minecraft:ender_eye":28,"minecraft:acacia_stairs":15,"minecraft:black_concrete":244,"minecraft:firework_rocket":68,"minecraft:warped_trapdoor":13,"minecraft:acacia_sign":14,"minecraft:command_block":11,"minecraft:heavy_weighted_pressure_plate":34,"minecraft:stone_button":18,"minecraft:string":10,"minecraft:barrier":33,"minecraft:warped_slab":70,"minecraft:pig_spawn_egg":4,"minecraft:stone_slab":25,"minecraft:spruce_trapdoor":34,"minecraft:oak_pressure_plate":3,"minecraft:iron_door":3,"minecraft:gravel":3,"minecraft:cobblestone":419,"minecraft:potion":4,"minecraft:pufferfish_bucket":6,"minecraft:white_banner":2,"minecraft:grindstone":3,"minecraft:smooth_stone_slab":64,"minecraft:dark_oak_fence":9,"minecraft:bubble_coral_block":27,"minecraft:warped_fence_gate":5,"minecraft:andesite":7,"minecraft:bucket":1,"minecraft:glass_pane":65,"minecraft:chain":59,"minecraft:grass_path":35,"minecraft:end_portal_frame":30,"minecraft:mossy_cobblestone_wall":11,"minecraft:chest_minecart":5,"minecraft:white_concrete":127,"minecraft:kelp":1,"minecraft:smooth_stone":1}},"DataVersion":2586}