{"stats":{"minecraft:custom":{"minecraft:interact_with_anvil":2,"minecraft:mob_kills":11,"minecraft:inspect_hopper":9,"minecraft:play_record":1,"minecraft:interact_with_crafting_table":1,"minecraft:play_one_minute":597254,"minecraft:open_shulker_box":6,"minecraft:leave_game":33,"minecraft:time_since_death":597254,"minecraft:sleep_in_bed":1,"minecraft:climb_one_cm":12633,"minecraft:time_since_rest":444440,"minecraft:sprint_one_cm":501020,"minecraft:open_enderchest":1,"minecraft:walk_one_cm":746765,"minecraft:drop":4,"minecraft:damage_dealt":2100,"minecraft:swim_one_cm":5535,"minecraft:talked_to_villager":5,"minecraft:fly_one_cm":1725472,"minecraft:open_chest":34,"minecraft:crouch_one_cm":34043,"minecraft:sneak_time":25884,"minecraft:walk_under_water_one_cm":91162,"minecraft:interact_with_lectern":4,"minecraft:boat_one_cm":50536,"minecraft:aviate_one_cm":2520408,"minecraft:jump":1911,"minecraft:interact_with_blast_furnace":11,"minecraft:walk_on_water_one_cm":27215,"minecraft:inspect_dispenser":32},"minecraft:killed":{"minecraft:pig":1,"minecraft:phantom":1,"minecraft:villager":9},"minecraft:used":{"minecraft:oak_fence":94,"minecraft:dark_oak_stairs":22,"minecraft:water_bucket":149,"minecraft:netherite_sword":22,"minecraft:diorite":6,"minecraft:writable_book":5,"minecraft:enchanting_table":1,"minecraft:cobblestone_stairs":4,"minecraft:zombie_villager_spawn_egg":1,"minecraft:polished_andesite":8,"minecraft:dispenser":8,"minecraft:redstone":118,"minecraft:dark_oak_sign":4,"minecraft:jungle_fence":7,"minecraft:oak_planks":458,"minecraft:oak_sign":40,"minecraft:black_carpet":21,"minecraft:spruce_planks":6,"minecraft:chest":26,"minecraft:ender_chest":1,"minecraft:stone":167,"minecraft:redstone_block":18,"minecraft:quartz_stairs":18,"minecraft:vindicator_spawn_egg":7,"minecraft:debug_stick":56,"minecraft:oak_door":1,"minecraft:smooth_quartz_stairs":7,"minecraft:white_wool":76,"minecraft:gilded_blackstone":56,"minecraft:oak_leaves":60,"minecraft:torch":11,"minecraft:polished_blackstone_pressure_plate":4,"minecraft:dark_oak_trapdoor":18,"minecraft:diamond_block":24,"minecraft:dirt":132,"minecraft:soul_sand":6,"minecraft:anvil":1,"minecraft:rail":18,"minecraft:stray_spawn_egg":1,"minecraft:crafting_table":3,"minecraft:oak_slab":57,"minecraft:hopper":19,"minecraft:red_bed":1,"minecraft:phantom_spawn_egg":2,"minecraft:blast_furnace":2,"minecraft:spruce_stairs":58,"minecraft:jungle_planks":33,"minecraft:cobblestone_wall":63,"minecraft:smooth_red_sandstone":32,"minecraft:white_bed":4,"minecraft:campfire":4,"minecraft:shulker_box":1,"minecraft:sponge":2,"minecraft:painting":2,"minecraft:smooth_red_sandstone_stairs":9,"minecraft:spruce_log":188,"minecraft:dark_oak_door":2,"minecraft:obsidian":23,"minecraft:nether_gold_ore":1,"minecraft:redstone_torch":29,"minecraft:sticky_piston":16,"minecraft:glass":29,"minecraft:piston":8,"minecraft:dark_oak_planks":473,"minecraft:sea_lantern":7,"minecraft:black_concrete":2,"minecraft:dark_oak_log":2,"minecraft:oxeye_daisy":4,"minecraft:firework_rocket":10,"minecraft:villager_spawn_egg":8,"minecraft:bookshelf":2,"minecraft:quartz_pillar":78,"minecraft:acacia_sign":7,"minecraft:music_disc_pigstep":1,"minecraft:command_block":6,"minecraft:heavy_weighted_pressure_plate":6,"minecraft:red_wool":23,"minecraft:spruce_wood":68,"minecraft:lantern":4,"minecraft:grass_block":282,"minecraft:oak_stairs":84,"minecraft:oak_button":2,"minecraft:barrier":80,"minecraft:stone_button":1,"minecraft:quartz_block":388,"minecraft:spruce_pressure_plate":6,"minecraft:jungle_stairs":20,"minecraft:dark_oak_slab":1,"minecraft:smooth_quartz":29,"minecraft:tropical_fish_spawn_egg":8,"minecraft:iron_door":4,"minecraft:hopper_minecart":2,"minecraft:gravel":4,"minecraft:polished_andesite_slab":5,"minecraft:stone_brick_stairs":2,"minecraft:stone_bricks":8,"minecraft:item_frame":34,"minecraft:crimson_sign":1,"minecraft:repeater":15,"minecraft:magma_block":1,"minecraft:cobblestone":109,"minecraft:redstone_lamp":7,"minecraft:golden_carrot":1,"minecraft:tall_grass":6,"minecraft:written_book":2,"minecraft:hay_block":1,"minecraft:crimson_stairs":1,"minecraft:dark_oak_pressure_plate":1,"minecraft:drowned_spawn_egg":1,"minecraft:dark_oak_fence":5,"minecraft:polished_blackstone_button":2,"minecraft:bucket":1,"minecraft:grass_path":96,"minecraft:chain":6,"minecraft:glass_pane":26,"minecraft:oak_boat":2,"minecraft:stone_pressure_plate":5,"minecraft:white_concrete":130,"minecraft:observer":4,"minecraft:seagrass":2,"minecraft:jukebox":1,"minecraft:cobweb":31},"minecraft:dropped":{"minecraft:grass_block":1,"minecraft:glass":1,"minecraft:written_book":2},"minecraft:crafted":{"minecraft:spruce_wood":2},"minecraft:picked_up":{"minecraft:black_carpet":10,"minecraft:cooked_beef":68,"minecraft:filled_map":1,"minecraft:string":1,"minecraft:lantern":1,"minecraft:white_banner":2,"minecraft:item_frame":2,"minecraft:cooked_mutton":63,"minecraft:glass":1,"minecraft:acacia_sign":4,"minecraft:redstone_torch":4,"minecraft:written_book":2,"minecraft:enchanted_golden_apple":1,"minecraft:dark_oak_slab":1,"minecraft:porkchop":3,"minecraft:music_disc_pigstep":1,"minecraft:grass_block":1,"minecraft:redstone":5,"minecraft:stone_pressure_plate":1,"minecraft:dark_oak_planks":1,"minecraft:golden_apple":64,"minecraft:saddle":1,"minecraft:netherite_chestplate":1}},"DataVersion":2586}