{"stats":{"minecraft:custom":{"minecraft:time_since_rest":31562,"minecraft:sprint_one_cm":31115,"minecraft:open_enderchest":1,"minecraft:walk_one_cm":66553,"minecraft:drop":1,"minecraft:fly_one_cm":215674,"minecraft:open_chest":7,"minecraft:crouch_one_cm":2834,"minecraft:play_one_minute":31562,"minecraft:sneak_time":1169,"minecraft:walk_under_water_one_cm":2485,"minecraft:aviate_one_cm":34953,"minecraft:jump":192,"minecraft:interact_with_brewingstand":1,"minecraft:leave_game":2,"minecraft:walk_on_water_one_cm":137,"minecraft:time_since_death":31562,"minecraft:climb_one_cm":5193,"minecraft:inspect_dispenser":10},"minecraft:picked_up":{"minecraft:cooked_beef":1,"minecraft:ladder":1,"minecraft:cooked_mutton":1,"minecraft:oak_sign":1,"minecraft:written_book":5,"minecraft:enchanted_golden_apple":2},"minecraft:used":{"minecraft:sticky_piston":1,"minecraft:piston":2,"minecraft:end_rod":2,"minecraft:black_concrete":6,"minecraft:writable_book":5,"minecraft:enchanting_table":1,"minecraft:daylight_detector":1,"minecraft:lantern":2,"minecraft:grass_block":133,"minecraft:oak_stairs":7,"minecraft:redstone":7,"minecraft:ladder":1,"minecraft:oak_planks":10,"minecraft:oak_sign":2,"minecraft:chest":3,"minecraft:ender_chest":1,"minecraft:redstone_block":2,"minecraft:stone_bricks":1,"minecraft:smooth_quartz_stairs":11,"minecraft:oak_door":3,"minecraft:torch":1,"minecraft:dirt":126,"minecraft:cobblestone":8,"minecraft:brown_carpet":1,"minecraft:white_bed":1,"minecraft:chain":2,"minecraft:glass_pane":7,"minecraft:white_concrete":3,"minecraft:end_stone":26,"minecraft:obsidian":4},"minecraft:dropped":{"minecraft:written_book":1}},"DataVersion":2586}