{"stats":{"minecraft:custom":{"minecraft:jump":19,"minecraft:open_chest":1,"minecraft:time_since_rest":6579,"minecraft:crouch_one_cm":121,"minecraft:minecart_one_cm":106525,"minecraft:play_one_minute":6579,"minecraft:leave_game":2,"minecraft:sprint_one_cm":9794,"minecraft:time_since_death":6579,"minecraft:walk_one_cm":9622,"minecraft:sneak_time":235,"minecraft:climb_one_cm":2379,"minecraft:fly_one_cm":2666},"minecraft:picked_up":{"minecraft:minecart":3},"minecraft:used":{"minecraft:minecart":1}},"DataVersion":2586}