{"stats":{"minecraft:killed":{"minecraft:rabbit":1,"minecraft:villager":15},"minecraft:custom":{"minecraft:interact_with_smithing_table":1,"minecraft:interact_with_anvil":1,"minecraft:mob_kills":16,"minecraft:interact_with_crafting_table":2,"minecraft:open_shulker_box":6,"minecraft:leave_game":24,"minecraft:time_since_death":611324,"minecraft:climb_one_cm":3903,"minecraft:sprint_one_cm":365815,"minecraft:walk_one_cm":812444,"minecraft:drop":14,"minecraft:talked_to_villager":1,"minecraft:deaths":1,"minecraft:sneak_time":20326,"minecraft:walk_under_water_one_cm":19582,"minecraft:boat_one_cm":5392,"minecraft:jump":2012,"minecraft:interact_with_brewingstand":1,"minecraft:walk_on_water_one_cm":28906,"minecraft:interact_with_furnace":10,"minecraft:tune_noteblock":1,"minecraft:play_one_minute":613314,"minecraft:interact_with_grindstone":1,"minecraft:sleep_in_bed":3,"minecraft:time_since_rest":499843,"minecraft:damage_taken":370,"minecraft:open_enderchest":2,"minecraft:damage_dealt":3380,"minecraft:minecart_one_cm":7874,"minecraft:swim_one_cm":17669,"minecraft:fly_one_cm":1546293,"minecraft:open_chest":15,"minecraft:crouch_one_cm":28881,"minecraft:aviate_one_cm":6959193,"minecraft:interact_with_smoker":1,"minecraft:fall_one_cm":2246,"minecraft:inspect_dispenser":36},"minecraft:mined":{"minecraft:warped_pressure_plate":1},"minecraft:picked_up":{"minecraft:wheat":1,"minecraft:lead":1,"minecraft:elytra":1,"minecraft:item_frame":4,"minecraft:oak_sign":1,"minecraft:netherite_sword":2,"minecraft:cobblestone_slab":1,"minecraft:minecart":1,"minecraft:chest":1,"minecraft:stick":1,"minecraft:orange_shulker_box":1,"minecraft:torch":1,"minecraft:warped_pressure_plate":1,"minecraft:carrot":4,"minecraft:redstone":4,"minecraft:stone_sword":1,"minecraft:stone_shovel":1,"minecraft:warped_sign":1,"minecraft:white_wool":1,"minecraft:rail":8,"minecraft:repeater":2,"minecraft:water_bucket":1,"minecraft:filled_map":3,"minecraft:birch_planks":16,"minecraft:lantern":1,"minecraft:cooked_mutton":2,"minecraft:rabbit_hide":1,"minecraft:stone_pickaxe":1,"minecraft:dark_oak_stairs":1,"minecraft:soul_torch":1,"minecraft:grass_block":2,"minecraft:dead_bush":1,"minecraft:polished_andesite":1,"minecraft:firework_rocket":1,"minecraft:stone_axe":1,"minecraft:bone_meal":1,"minecraft:spruce_sign":6},"minecraft:used":{"minecraft:netherite_sword":39,"minecraft:writable_book":4,"minecraft:iron_bars":4,"minecraft:enchanting_table":4,"minecraft:orange_concrete":2,"minecraft:flint_and_steel":1,"minecraft:white_tulip":2,"minecraft:armor_stand":5,"minecraft:spruce_slab":21,"minecraft:dispenser":18,"minecraft:redstone":85,"minecraft:oak_sign":17,"minecraft:spruce_planks":87,"minecraft:chest":22,"minecraft:ender_chest":4,"minecraft:stone":72,"minecraft:warped_sign":3,"minecraft:quartz_stairs":127,"minecraft:farmland":26,"minecraft:debug_stick":10,"minecraft:torch":12,"minecraft:dirt":56,"minecraft:soul_sand":1,"minecraft:anvil":2,"minecraft:target":32,"minecraft:hopper":2,"minecraft:orange_glazed_terracotta":1,"minecraft:spruce_stairs":46,"minecraft:cobblestone_wall":258,"minecraft:carrot":12,"minecraft:warped_pressure_plate":1,"minecraft:stripped_spruce_log":13,"minecraft:obsidian":522,"minecraft:mossy_cobblestone_stairs":3,"minecraft:dark_oak_planks":41,"minecraft:stone_brick_slab":1,"minecraft:lava_bucket":37,"minecraft:chipped_anvil":2,"minecraft:red_tulip":5,"minecraft:bookshelf":10,"minecraft:villager_spawn_egg":39,"minecraft:filled_map":6,"minecraft:quartz_slab":28,"minecraft:lantern":37,"minecraft:grass_block":227,"minecraft:oak_stairs":21,"minecraft:slime_block":4,"minecraft:birch_sapling":9,"minecraft:orange_shulker_box":2,"minecraft:quartz_block":28,"minecraft:light_blue_bed":1,"minecraft:dark_oak_slab":50,"minecraft:smooth_quartz":4,"minecraft:crimson_planks":2,"minecraft:stone_brick_stairs":9,"minecraft:stone_bricks":7,"minecraft:item_frame":52,"minecraft:repeater":11,"minecraft:glowstone":5,"minecraft:redstone_lamp":155,"minecraft:brown_carpet":15,"minecraft:warped_stairs":6,"minecraft:written_book":1,"minecraft:iron_trapdoor":8,"minecraft:dark_oak_pressure_plate":3,"minecraft:furnace":18,"minecraft:oak_sapling":6,"minecraft:beetroot_seeds":8,"minecraft:minecart":11,"minecraft:stone_pressure_plate":3,"minecraft:potato":12,"minecraft:observer":5,"minecraft:light_blue_carpet":1,"minecraft:wheat_seeds":11,"minecraft:dark_oak_stairs":31,"minecraft:water_bucket":194,"minecraft:diorite":20,"minecraft:cobblestone_stairs":117,"minecraft:prismarine_brick_slab":1,"minecraft:snow_block":13,"minecraft:lead":8,"minecraft:birch_leaves":62,"minecraft:red_stained_glass":146,"minecraft:polished_andesite":87,"minecraft:blackstone_stairs":5,"minecraft:oak_planks":240,"minecraft:orange_tulip":4,"minecraft:ender_pearl":1,"minecraft:black_glazed_terracotta":2,"minecraft:redstone_block":105,"minecraft:jungle_pressure_plate":1,"minecraft:spruce_sign":10,"minecraft:fletching_table":3,"minecraft:cobblestone_slab":52,"minecraft:jungle_boat":2,"minecraft:oak_leaves":10,"minecraft:polished_blackstone_pressure_plate":9,"minecraft:mossy_cobblestone":2,"minecraft:rabbit_spawn_egg":1,"minecraft:rail":23,"minecraft:comparator":5,"minecraft:cyan_glazed_terracotta":7,"minecraft:crafting_table":4,"minecraft:red_bed":4,"minecraft:magenta_bed":1,"minecraft:brown_banner":2,"minecraft:black_banner":11,"minecraft:white_bed":1,"minecraft:blackstone_wall":16,"minecraft:gray_concrete":26,"minecraft:painting":1,"minecraft:magenta_carpet":1,"minecraft:smoker":5,"minecraft:spruce_log":41,"minecraft:dark_oak_door":7,"minecraft:birch_fence":8,"minecraft:redstone_torch":21,"minecraft:oak_log":12,"minecraft:sticky_piston":35,"minecraft:piston":50,"minecraft:wooden_hoe":16,"minecraft:ender_eye":1,"minecraft:black_concrete":2,"minecraft:firework_rocket":149,"minecraft:daylight_detector":2,"minecraft:command_block":2,"minecraft:stone_button":13,"minecraft:barrier":160,"minecraft:map":21,"minecraft:spruce_trapdoor":100,"minecraft:oak_pressure_plate":1,"minecraft:coal_block":3,"minecraft:cobblestone":521,"minecraft:potion":3,"minecraft:white_banner":1,"minecraft:grindstone":6,"minecraft:smithing_table":3,"minecraft:dark_oak_fence":18,"minecraft:andesite":2,"minecraft:glass_pane":9,"minecraft:birch_log":6,"minecraft:bucket":2,"minecraft:chain":16,"minecraft:grass_path":15,"minecraft:smooth_stone_slab":42,"minecraft:chest_minecart":14,"minecraft:end_portal_frame":1,"minecraft:white_concrete":134,"minecraft:warped_button":1,"minecraft:dandelion":1,"minecraft:bone_meal":60,"minecraft:cobweb":8},"minecraft:dropped":{"minecraft:orange_shulker_box":1,"minecraft:dark_oak_stairs":1,"minecraft:elytra":2,"minecraft:grass_block":2,"minecraft:polished_andesite":1,"minecraft:torch":1,"minecraft:repeater":1,"minecraft:dead_bush":1,"minecraft:netherite_sword":2,"minecraft:cobblestone_slab":1,"minecraft:firework_rocket":1}},"DataVersion":2586}