{"stats":{"minecraft:crafted":{"minecraft:written_book":1},"minecraft:picked_up":{"minecraft:redstone_block":2,"minecraft:redstone_lamp":1,"minecraft:item_frame":6,"minecraft:netherite_ingot":1,"minecraft:pufferfish":1,"minecraft:oak_sign":4,"minecraft:mossy_cobblestone_wall":1,"minecraft:oak_boat":1,"minecraft:poppy":2,"minecraft:enchanted_golden_apple":2,"minecraft:porkchop":4,"minecraft:redstone":1,"minecraft:rotten_flesh":2,"minecraft:saddle":2,"minecraft:black_banner":2,"minecraft:cobblestone":4,"minecraft:barrier":1,"minecraft:cooked_beef":128,"minecraft:repeater":1,"minecraft:tripwire_hook":2,"minecraft:leather":5,"minecraft:filled_map":1,"minecraft:bedrock":4,"minecraft:cobblestone_stairs":2,"minecraft:dirt":60,"minecraft:lantern":2,"minecraft:white_banner":3,"minecraft:cooked_mutton":126,"minecraft:red_carpet":2,"minecraft:wheat_seeds":3,"minecraft:iron_ingot":3,"minecraft:lime_concrete":5,"minecraft:gravel":2,"minecraft:grass_path":1,"minecraft:red_banner":1,"minecraft:lever":2,"minecraft:golden_apple":128},"minecraft:killed":{"minecraft:pufferfish":2,"minecraft:horse":4,"minecraft:pig":3,"minecraft:zombie":2,"minecraft:villager":1},"minecraft:dropped":{"minecraft:cobblestone":1,"minecraft:redstone_lamp":1,"minecraft:lime_concrete":5,"minecraft:grass_path":1,"minecraft:oak_boat":2,"minecraft:birch_boat":3},"minecraft:used":{"minecraft:oak_fence":61,"minecraft:light_blue_banner":4,"minecraft:netherite_sword":19,"minecraft:writable_book":7,"minecraft:flint_and_steel":10,"minecraft:armor_stand":1,"minecraft:red_concrete":40,"minecraft:pufferfish_spawn_egg":2,"minecraft:dispenser":8,"minecraft:redstone":108,"minecraft:poppy":1,"minecraft:ladder":3,"minecraft:oak_sign":47,"minecraft:black_carpet":13,"minecraft:spruce_planks":273,"minecraft:chest":13,"minecraft:white_terracotta":31,"minecraft:ender_chest":3,"minecraft:stone":227,"minecraft:zombie_spawn_egg":1,"minecraft:warped_sign":1,"minecraft:quartz_stairs":7,"minecraft:farmland":38,"minecraft:netherrack":1,"minecraft:debug_stick":6,"minecraft:spruce_leaves":23,"minecraft:oak_door":3,"minecraft:torch":47,"minecraft:dragon_egg":8,"minecraft:dirt":44,"minecraft:soul_sand":2,"minecraft:ancient_debris":1,"minecraft:red_nether_brick_slab":16,"minecraft:hopper":5,"minecraft:nether_quartz_ore":1,"minecraft:jungle_planks":4,"minecraft:spruce_stairs":111,"minecraft:cobblestone_wall":14,"minecraft:stone_stairs":6,"minecraft:spruce_fence":80,"minecraft:granite":11,"minecraft:warped_pressure_plate":2,"minecraft:nether_brick_stairs":21,"minecraft:obsidian":1135,"minecraft:shroomlight":7,"minecraft:birch_door":4,"minecraft:purple_stained_glass_pane":16,"minecraft:glass":43,"minecraft:brown_terracotta":35,"minecraft:dark_oak_planks":101,"minecraft:netherite_shovel":2,"minecraft:coal_ore":9,"minecraft:bookshelf":28,"minecraft:quartz_pillar":347,"minecraft:spruce_wood":11,"minecraft:quartz_slab":13,"minecraft:lantern":32,"minecraft:filled_map":1,"minecraft:iron_block":4,"minecraft:grass_block":486,"minecraft:oak_stairs":193,"minecraft:slime_block":1,"minecraft:green_wool":2,"minecraft:quartz_block":409,"minecraft:dark_oak_leaves":9,"minecraft:dark_oak_slab":3,"minecraft:smooth_quartz":43,"minecraft:crimson_planks":7,"minecraft:stone_brick_stairs":113,"minecraft:stone_bricks":76,"minecraft:item_frame":97,"minecraft:bedrock":11,"minecraft:repeater":44,"minecraft:magma_block":1,"minecraft:tripwire_hook":13,"minecraft:red_carpet":13,"minecraft:glowstone":8,"minecraft:redstone_lamp":38,"minecraft:lime_concrete":6,"minecraft:black_stained_glass":14,"minecraft:written_book":10,"minecraft:dark_oak_pressure_plate":1,"minecraft:yellow_glazed_terracotta":5,"minecraft:furnace":2,"minecraft:minecart":5,"minecraft:stone_pressure_plate":13,"minecraft:dragon_head":7,"minecraft:observer":4,"minecraft:orange_terracotta":35,"minecraft:seagrass":5,"minecraft:emerald_ore":1,"minecraft:wheat_seeds":33,"minecraft:yellow_banner":22,"minecraft:dark_oak_stairs":19,"minecraft:water_bucket":71,"minecraft:diorite":1,"minecraft:warped_stem":4,"minecraft:end_rod":35,"minecraft:cow_spawn_egg":2,"minecraft:cobblestone_stairs":38,"minecraft:lodestone":1,"minecraft:birch_leaves":9,"minecraft:powered_rail":7,"minecraft:blackstone_stairs":28,"minecraft:prismarine":1,"minecraft:oak_planks":1416,"minecraft:blackstone":146,"minecraft:birch_boat":5,"minecraft:redstone_block":16,"minecraft:composter":1,"minecraft:spruce_sign":1,"minecraft:cauldron":9,"minecraft:beacon":7,"minecraft:blue_bed":2,"minecraft:cobblestone_slab":102,"minecraft:smooth_quartz_stairs":129,"minecraft:oak_leaves":154,"minecraft:pink_concrete":284,"minecraft:polished_blackstone_pressure_plate":43,"minecraft:yellow_terracotta":60,"minecraft:terracotta":66,"minecraft:sand":194,"minecraft:rail":4,"minecraft:vine":16,"minecraft:oak_slab":2,"minecraft:tnt":5,"minecraft:crafting_table":3,"minecraft:loom":4,"minecraft:red_bed":1,"minecraft:blast_furnace":1,"minecraft:birch_sign":2,"minecraft:black_banner":17,"minecraft:light_gray_terracotta":64,"minecraft:white_bed":1,"minecraft:note_block":1,"minecraft:painting":23,"minecraft:end_stone":1,"minecraft:smoker":1,"minecraft:warped_planks":22,"minecraft:nether_gold_ore":1,"minecraft:redstone_torch":8,"minecraft:oak_log":52,"minecraft:sticky_piston":21,"minecraft:piston":6,"minecraft:flower_pot":3,"minecraft:netherite_block":29,"minecraft:lever":12,"minecraft:green_concrete":61,"minecraft:ender_eye":6,"minecraft:black_concrete":396,"minecraft:firework_rocket":56,"minecraft:daylight_detector":24,"minecraft:acacia_sign":2,"minecraft:command_block":30,"minecraft:stone_button":5,"minecraft:string":20,"minecraft:barrier":35,"minecraft:pig_spawn_egg":2,"minecraft:spruce_pressure_plate":4,"minecraft:red_terracotta":26,"minecraft:oak_pressure_plate":4,"minecraft:iron_door":3,"minecraft:gravel":32,"minecraft:soul_lantern":4,"minecraft:chiseled_stone_bricks":4,"minecraft:coal_block":4,"minecraft:cobblestone":493,"minecraft:pufferfish_bucket":1,"minecraft:white_banner":10,"minecraft:dark_oak_fence":7,"minecraft:glass_pane":22,"minecraft:repeating_command_block":28,"minecraft:white_stained_glass":1,"minecraft:red_banner":22,"minecraft:smooth_stone_slab":17,"minecraft:chain":15,"minecraft:grass_path":22,"minecraft:mossy_cobblestone_wall":20,"minecraft:oak_boat":1,"minecraft:end_portal_frame":6,"minecraft:white_concrete":552,"minecraft:smooth_stone":353,"minecraft:jukebox":1},"minecraft:custom":{"minecraft:interact_with_smithing_table":1,"minecraft:mob_kills":12,"minecraft:inspect_hopper":3,"minecraft:interact_with_crafting_table":1,"minecraft:fill_cauldron":3,"minecraft:open_shulker_box":13,"minecraft:clean_banner":22,"minecraft:leave_game":24,"minecraft:time_since_death":760972,"minecraft:climb_one_cm":18711,"minecraft:sprint_one_cm":1083303,"minecraft:walk_one_cm":1762880,"minecraft:drop":13,"minecraft:deaths":1,"minecraft:sneak_time":41387,"minecraft:walk_under_water_one_cm":144190,"minecraft:interact_with_lectern":10,"minecraft:boat_one_cm":455391,"minecraft:jump":3826,"minecraft:walk_on_water_one_cm":97533,"minecraft:interact_with_furnace":3,"minecraft:play_one_minute":1105149,"minecraft:interact_with_loom":24,"minecraft:pot_flower":3,"minecraft:time_since_rest":761007,"minecraft:open_enderchest":5,"minecraft:minecart_one_cm":47693,"minecraft:damage_dealt":1261,"minecraft:interact_with_beacon":15,"minecraft:swim_one_cm":4919,"minecraft:fly_one_cm":3615043,"minecraft:pig_one_cm":1434,"minecraft:open_chest":16,"minecraft:crouch_one_cm":75360,"minecraft:aviate_one_cm":6286948,"minecraft:use_cauldron":1,"minecraft:inspect_dispenser":29,"minecraft:horse_one_cm":3031}},"DataVersion":2586}