{"stats":{"minecraft:crafted":{"minecraft:shield":3,"minecraft:yellow_banner":1},"minecraft:dropped":{"minecraft:dragon_head":1,"minecraft:grass_block":1,"minecraft:shield":9,"minecraft:redstone":1},"minecraft:picked_up":{"minecraft:repeater":5,"minecraft:redstone_lamp":1,"minecraft:lead":2,"minecraft:leather":3,"minecraft:potato":1,"minecraft:dragon_head":2,"minecraft:shield":9,"minecraft:gunpowder":5,"minecraft:lantern":1,"minecraft:white_banner":1,"minecraft:bone":1,"minecraft:oak_sign":18,"minecraft:redstone_torch":2,"minecraft:powered_rail":125,"minecraft:stone_button":1,"minecraft:grass_block":1,"minecraft:redstone":24,"minecraft:rotten_flesh":3,"minecraft:lever":3,"minecraft:rail":15},"minecraft:killed":{"minecraft:wandering_trader":1,"minecraft:creeper":3,"minecraft:shulker":1,"minecraft:skeleton":1,"minecraft:trader_llama":2,"minecraft:zombie":2},"minecraft:used":{"minecraft:oak_fence":8,"minecraft:dark_oak_stairs":13,"minecraft:light_blue_banner":11,"minecraft:yellow_banner":16,"minecraft:water_bucket":9,"minecraft:netherite_sword":30,"minecraft:warped_stem":28,"minecraft:end_rod":7,"minecraft:cobblestone_stairs":59,"minecraft:orange_concrete":1,"minecraft:flint_and_steel":9,"minecraft:red_stained_glass":27,"minecraft:powered_rail":205,"minecraft:polished_andesite":1,"minecraft:redstone":450,"minecraft:oak_planks":55,"minecraft:oak_sign":20,"minecraft:blue_wool":51,"minecraft:ender_pearl":19,"minecraft:spruce_planks":48,"minecraft:chest":4,"minecraft:black_glazed_terracotta":2,"minecraft:ender_chest":1,"minecraft:stone":256,"minecraft:redstone_block":54,"minecraft:beacon":2,"minecraft:oak_door":1,"minecraft:oak_leaves":7,"minecraft:spruce_leaves":4,"minecraft:green_glazed_terracotta":78,"minecraft:torch":93,"minecraft:respawn_anchor":1,"minecraft:polished_blackstone_pressure_plate":14,"minecraft:soul_sand":1,"minecraft:anvil":3,"minecraft:dirt":77,"minecraft:sand":13,"minecraft:rail":13,"minecraft:crafting_table":25,"minecraft:loom":2,"minecraft:crimson_trapdoor":1,"minecraft:blast_furnace":4,"minecraft:orange_glazed_terracotta":62,"minecraft:black_banner":4,"minecraft:jungle_planks":5,"minecraft:spruce_stairs":17,"minecraft:cobblestone_wall":3,"minecraft:smooth_red_sandstone":8,"minecraft:spruce_log":20,"minecraft:shulker_spawn_egg":1,"minecraft:white_bed":7,"minecraft:end_stone":15,"minecraft:smooth_red_sandstone_stairs":65,"minecraft:note_block":36,"minecraft:warped_pressure_plate":13,"minecraft:granite":1,"minecraft:warped_planks":1,"minecraft:smoker":3,"minecraft:purple_stained_glass_pane":18,"minecraft:piston":15,"minecraft:polished_diorite":2,"minecraft:dark_oak_planks":10,"minecraft:red_shulker_box":2,"minecraft:birch_fence":14,"minecraft:redstone_torch":53,"minecraft:glass":7,"minecraft:lever":51,"minecraft:sticky_piston":124,"minecraft:dark_prismarine":33,"minecraft:stone_brick_slab":4,"minecraft:blue_glazed_terracotta":165,"minecraft:honey_block":13,"minecraft:black_concrete":2,"minecraft:bookshelf":2,"minecraft:villager_spawn_egg":7,"minecraft:lantern":2,"minecraft:grass_block":351,"minecraft:iron_block":1,"minecraft:oak_stairs":166,"minecraft:barrier":1,"minecraft:slime_block":28,"minecraft:jungle_log":1,"minecraft:lapis_ore":1,"minecraft:spruce_trapdoor":2,"minecraft:smooth_quartz":42,"minecraft:prismarine_slab":2,"minecraft:polished_andesite_slab":1,"minecraft:barrel":1,"minecraft:crimson_planks":3,"minecraft:stone_brick_stairs":35,"minecraft:stone_bricks":130,"minecraft:yellow_wool":58,"minecraft:soul_lantern":9,"minecraft:item_frame":8,"minecraft:bedrock":1,"minecraft:magma_block":1,"minecraft:gray_glazed_terracotta":11,"minecraft:repeater":77,"minecraft:emerald_block":136,"minecraft:coal_block":11,"minecraft:glowstone":2,"minecraft:redstone_lamp":52,"minecraft:cobblestone":127,"minecraft:brown_carpet":5,"minecraft:white_banner":24,"minecraft:dark_oak_fence":1,"minecraft:hay_block":1,"minecraft:crimson_stairs":18,"minecraft:dark_oak_pressure_plate":4,"minecraft:yellow_glazed_terracotta":24,"minecraft:furnace":4,"minecraft:smithing_table":1,"minecraft:white_stained_glass":7,"minecraft:grass_path":43,"minecraft:minecart":6,"minecraft:chain":5,"minecraft:glass_pane":17,"minecraft:gold_block":39,"minecraft:mossy_cobblestone_wall":30,"minecraft:polished_blackstone_button":23,"minecraft:stone_pressure_plate":15,"minecraft:white_concrete":1263,"minecraft:dragon_head":1,"minecraft:observer":2,"minecraft:purple_wool":7,"minecraft:smooth_stone":4},"minecraft:custom":{"minecraft:interact_with_smithing_table":6,"minecraft:interact_with_furnace":2,"minecraft:mob_kills":10,"minecraft:interact_with_crafting_table":22,"minecraft:tune_noteblock":350,"minecraft:play_one_minute":523465,"minecraft:interact_with_loom":8,"minecraft:leave_game":13,"minecraft:time_since_death":523134,"minecraft:sleep_in_bed":1,"minecraft:climb_one_cm":1099,"minecraft:time_since_rest":21002,"minecraft:damage_taken":1420,"minecraft:sprint_one_cm":430772,"minecraft:open_enderchest":2,"minecraft:walk_one_cm":985066,"minecraft:drop":12,"minecraft:minecart_one_cm":96553,"minecraft:damage_dealt":2221,"minecraft:swim_one_cm":4399,"minecraft:fly_one_cm":1623579,"minecraft:open_chest":14,"minecraft:crouch_one_cm":21065,"minecraft:deaths":1,"minecraft:sneak_time":14038,"minecraft:walk_under_water_one_cm":17675,"minecraft:aviate_one_cm":453028,"minecraft:jump":2236,"minecraft:walk_on_water_one_cm":11162,"minecraft:fall_one_cm":14413,"minecraft:inspect_dispenser":7}},"DataVersion":2586}