{"stats":{"minecraft:killed":{"minecraft:pufferfish":1,"minecraft:skeleton":1,"minecraft:fox":2,"minecraft:chicken":4,"minecraft:axolotl":9,"minecraft:tropical_fish":6,"minecraft:parrot":2,"minecraft:pig":11,"minecraft:iron_golem":1,"minecraft:strider":2,"minecraft:creeper":2,"minecraft:sheep":5,"minecraft:zombie":2,"minecraft:glow_squid":1,"minecraft:cow":1,"minecraft:villager":5,"minecraft:enderman":1},"minecraft:dropped":{"minecraft:crossbow":2,"minecraft:carrot_on_a_stick":1,"minecraft:red_bed":1,"minecraft:packed_ice":1,"minecraft:axolotl_bucket":2,"minecraft:sunflower":3,"minecraft:black_concrete":1,"minecraft:oak_door":1,"minecraft:obsidian":2,"minecraft:rotten_flesh":54,"minecraft:stone_stairs":1,"minecraft:painting":3,"minecraft:glass":1,"minecraft:iron_bars":12,"minecraft:splash_potion":2,"minecraft:firework_rocket":2,"minecraft:water_bucket":2,"minecraft:clock":2,"minecraft:minecart":1,"minecraft:bookshelf":1,"minecraft:netherite_helmet":1,"minecraft:spectral_arrow":1,"minecraft:grass_block":4,"minecraft:iron_block":1,"minecraft:torch":1,"minecraft:lime_concrete":1,"minecraft:stone_slab":1,"minecraft:white_terracotta":1,"minecraft:dirt_path":1,"minecraft:totem_of_undying":1,"minecraft:filled_map":3,"minecraft:spruce_boat":13,"minecraft:stone":3,"minecraft:oak_boat":27,"minecraft:cow_spawn_egg":2,"minecraft:birch_boat":10},"minecraft:mined":{"minecraft:torch":2,"minecraft:dark_oak_fence":2},"minecraft:picked_up":{"minecraft:black_carpet":3,"minecraft:stone_slab":1,"minecraft:potion":90,"minecraft:string":15,"minecraft:pufferfish":1,"minecraft:oak_sign":2,"minecraft:comparator":3,"minecraft:acacia_sign":2,"minecraft:redstone_torch":25,"minecraft:crimson_sign":1,"minecraft:dark_oak_door":1,"minecraft:torch":19,"minecraft:porkchop":17,"minecraft:warped_pressure_plate":1,"minecraft:dirt_path":1,"minecraft:rotten_flesh":62,"minecraft:tropical_fish":8,"minecraft:cow_spawn_egg":2,"minecraft:iron_block":1,"minecraft:bookshelf":1,"minecraft:white_terracotta":1,"minecraft:netherite_chestplate":2,"minecraft:obsidian":2,"minecraft:iron_bars":12,"minecraft:blaze_powder":3462,"minecraft:cooked_beef":1,"minecraft:feather":7,"minecraft:repeater":3,"minecraft:water_bucket":2,"minecraft:netherite_leggings":1,"minecraft:dirt":196,"minecraft:lantern":9,"minecraft:purple_carpet":1,"minecraft:glass":1,"minecraft:bone":2,"minecraft:wheat_seeds":5,"minecraft:orange_tulip":1,"minecraft:powered_rail":54,"minecraft:oak_planks":3,"minecraft:axolotl_bucket":2,"minecraft:grass_block":4,"minecraft:lily_of_the_valley":1,"minecraft:spectral_arrow":4,"minecraft:black_concrete":1,"minecraft:spruce_boat":4,"minecraft:netherite_helmet":2,"minecraft:polished_blackstone_pressure_plate":1,"minecraft:soul_lantern":1,"minecraft:writable_book":1,"minecraft:polished_blackstone_button":1,"minecraft:crossbow":2,"minecraft:oak_sapling":2,"minecraft:dark_oak_fence":2,"minecraft:nether_star":1,"minecraft:chicken":1,"minecraft:packed_ice":1,"minecraft:red_bed":1,"minecraft:stone_stairs":1,"minecraft:orange_concrete":1,"minecraft:white_carpet":29,"minecraft:item_frame":7,"minecraft:detector_rail":1,"minecraft:oak_boat":3,"minecraft:poppy":2,"minecraft:light_gray_wool":1,"minecraft:minecart":1,"minecraft:birch_sapling":1,"minecraft:egg":42,"minecraft:end_stone":1,"minecraft:stone":1,"minecraft:oak_door":5,"minecraft:glow_item_frame":2,"minecraft:stone_button":4,"minecraft:trident":1,"minecraft:redstone":24,"minecraft:stone_pressure_plate":10,"minecraft:tnt":62,"minecraft:arrow":2,"minecraft:warped_sign":2,"minecraft:saddle":1,"minecraft:totem_of_undying":1,"minecraft:black_banner":1,"minecraft:mutton":4,"minecraft:white_wool":1,"minecraft:rail":11,"minecraft:oxeye_daisy":2,"minecraft:netherite_boots":1,"minecraft:clock":2,"minecraft:golden_carrot":1,"minecraft:glow_ink_sac":2,"minecraft:carrot_on_a_stick":1,"minecraft:filled_map":5,"minecraft:oak_log":10,"minecraft:gunpowder":2,"minecraft:white_banner":3,"minecraft:red_carpet":1,"minecraft:kelp":29,"minecraft:apple":1,"minecraft:iron_ingot":5,"minecraft:cobweb":5,"minecraft:scaffolding":10,"minecraft:lime_concrete":1,"minecraft:dandelion":1,"minecraft:gravel":157,"minecraft:green_carpet":1,"minecraft:firework_rocket":1,"minecraft:painting":4,"minecraft:oak_button":1,"minecraft:black_wool":1,"minecraft:purple_concrete_powder":4,"minecraft:sunflower":3,"minecraft:ender_pearl":1},"minecraft:used":{"minecraft:light_blue_banner":1,"minecraft:moss_carpet":3,"minecraft:light_blue_stained_glass_pane":12,"minecraft:waxed_exposed_cut_copper":42,"minecraft:blue_terracotta":14,"minecraft:writable_book":15,"minecraft:polished_deepslate":155,"minecraft:bone_block":6,"minecraft:smooth_quartz_slab":55,"minecraft:dispenser":29,"minecraft:spruce_slab":403,"minecraft:carrot_on_a_stick":33,"minecraft:elytra":2,"minecraft:polished_blackstone":670,"minecraft:poppy":2,"minecraft:ladder":16,"minecraft:oak_sign":89,"minecraft:black_carpet":14,"minecraft:axolotl_spawn_egg":12,"minecraft:chest":165,"minecraft:white_terracotta":317,"minecraft:brown_concrete":194,"minecraft:stone":2093,"minecraft:zombie_spawn_egg":1,"minecraft:white_shulker_box":10,"minecraft:red_nether_brick_stairs":23,"minecraft:warped_sign":12,"minecraft:quartz_stairs":210,"minecraft:grass":10,"minecraft:player_head":4,"minecraft:green_terracotta":263,"minecraft:tube_coral":7,"minecraft:sculk_sensor":5,"minecraft:debug_stick":148,"minecraft:spruce_leaves":63,"minecraft:oxidized_cut_copper":5,"minecraft:soul_sand":2,"minecraft:birch_pressure_plate":4,"minecraft:weathered_copper":24,"minecraft:skeleton_spawn_egg":1,"minecraft:lily_of_the_valley":6,"minecraft:stray_spawn_egg":1,"minecraft:blue_stained_glass":9,"minecraft:jungle_planks":204,"minecraft:carrot":15,"minecraft:jungle_slab":97,"minecraft:pink_terracotta":188,"minecraft:cyan_wool":77,"minecraft:axolotl_bucket":1,"minecraft:stripped_spruce_log":69,"minecraft:obsidian":41,"minecraft:glow_squid_spawn_egg":1,"minecraft:polished_blackstone_slab":51,"minecraft:glass":2242,"minecraft:packed_ice":354,"minecraft:cyan_terracotta":2,"minecraft:lava_bucket":34,"minecraft:bricks":2,"minecraft:black_stained_glass_pane":35,"minecraft:coal_ore":2,"minecraft:deepslate_copper_ore":6,"minecraft:quartz_pillar":261,"minecraft:villager_spawn_egg":14,"minecraft:quartz_slab":14,"minecraft:jungle_fence_gate":10,"minecraft:red_wool":525,"minecraft:spruce_wood":38,"minecraft:lantern":49,"minecraft:grass_block":4596,"minecraft:birch_sapling":2,"minecraft:green_wool":65,"minecraft:quartz_block":872,"minecraft:warped_nylium":23,"minecraft:light_blue_bed":5,"minecraft:dark_oak_slab":235,"minecraft:tropical_fish_spawn_egg":14,"minecraft:crimson_roots":3,"minecraft:stone_brick_stairs":189,"minecraft:stone_bricks":277,"minecraft:item_frame":101,"minecraft:bedrock":100,"minecraft:deepslate_diamond_ore":19,"minecraft:birch_button":6,"minecraft:birch_trapdoor":24,"minecraft:repeater":115,"minecraft:red_carpet":26,"minecraft:redstone_lamp":197,"minecraft:snow":135,"minecraft:magma_block":1,"minecraft:brown_carpet":64,"minecraft:scaffolding":31,"minecraft:written_book":12,"minecraft:furnace":18,"minecraft:oak_sapling":4,"minecraft:beetroot_seeds":20,"minecraft:polished_diorite_stairs":1,"minecraft:gold_block":6,"minecraft:skeleton_skull":10,"minecraft:egg":15,"minecraft:potato":20,"minecraft:seagrass":93,"minecraft:polished_blackstone_stairs":6,"minecraft:dark_prismarine_stairs":4,"minecraft:light_blue_carpet":1,"minecraft:deepslate_brick_wall":8,"minecraft:dark_oak_stairs":57,"minecraft:mossy_stone_bricks":52,"minecraft:tube_coral_fan":4,"minecraft:diorite":24,"minecraft:end_rod":40,"minecraft:dropper":1,"minecraft:wither_skeleton_skull":7,"minecraft:red_stained_glass":237,"minecraft:powered_rail":228,"minecraft:cut_copper_slab":1,"minecraft:birch_leaves":2,"minecraft:gray_carpet":1,"minecraft:acacia_trapdoor":1,"minecraft:dark_oak_sign":6,"minecraft:blackstone_stairs":1,"minecraft:jungle_fence":84,"minecraft:oak_planks":3141,"minecraft:orange_tulip":1,"minecraft:blackstone":40,"minecraft:fox_spawn_egg":1,"minecraft:mossy_stone_brick_stairs":16,"minecraft:sandstone":816,"minecraft:composter":2,"minecraft:black_glazed_terracotta":2,"minecraft:redstone_block":191,"minecraft:parrot_spawn_egg":2,"minecraft:clay":4,"minecraft:oak_leaves":98,"minecraft:smooth_quartz_stairs":102,"minecraft:white_wool":409,"minecraft:brain_coral":7,"minecraft:sand":245,"minecraft:purpur_stairs":19,"minecraft:yellow_terracotta":2129,"minecraft:light_blue_concrete":547,"minecraft:loom":7,"minecraft:blast_furnace":2,"minecraft:light_blue_wool":38,"minecraft:black_banner":8,"minecraft:smooth_red_sandstone":18,"minecraft:deepslate_redstone_ore":2,"minecraft:yellow_concrete":78,"minecraft:blue_ice":24,"minecraft:netherite_helmet":2,"minecraft:sponge":105,"minecraft:chiseled_quartz_block":43,"minecraft:purple_terracotta":4,"minecraft:note_block":39,"minecraft:gray_concrete":78,"minecraft:stone_brick_wall":10,"minecraft:black_bed":1,"minecraft:end_stone":297,"minecraft:deepslate_lapis_ore":5,"minecraft:deepslate_brick_stairs":166,"minecraft:lightning_rod":101,"minecraft:purple_concrete_powder":129,"minecraft:birch_fence":157,"minecraft:creeper_spawn_egg":9,"minecraft:redstone_torch":156,"minecraft:sticky_piston":27,"minecraft:enderman_spawn_egg":6,"minecraft:lever":42,"minecraft:green_concrete":58,"minecraft:blue_glazed_terracotta":1,"minecraft:red_sandstone":12,"minecraft:black_concrete":8527,"minecraft:firework_rocket":983,"minecraft:daylight_detector":12,"minecraft:birch_fence_gate":8,"minecraft:dark_oak_log":4,"minecraft:light_gray_concrete":90,"minecraft:lime_carpet":2,"minecraft:heavy_weighted_pressure_plate":4,"minecraft:deepslate_iron_ore":1,"minecraft:brown_wool":21,"minecraft:string":17,"minecraft:barrier":13,"minecraft:stone_button":70,"minecraft:lectern":3,"minecraft:polished_granite":99,"minecraft:oak_pressure_plate":9,"minecraft:iron_door":20,"minecraft:deepslate":4,"minecraft:prismarine_wall":7,"minecraft:gravel":43,"minecraft:flowering_azalea_leaves":5,"minecraft:soul_lantern":11,"minecraft:blackstone_slab":15,"minecraft:stripped_warped_hyphae":5,"minecraft:jungle_sign":4,"minecraft:nether_wart_block":34,"minecraft:coal_block":85,"minecraft:pufferfish_bucket":2,"minecraft:light_blue_concrete_powder":21,"minecraft:stripped_oak_wood":37,"minecraft:grindstone":6,"minecraft:dark_oak_fence":149,"minecraft:birch_log":7,"minecraft:white_stained_glass":11,"minecraft:deepslate_coal_ore":6,"minecraft:andesite":633,"minecraft:chain":63,"minecraft:ice":68,"minecraft:mossy_cobblestone_wall":8,"minecraft:smooth_stone_slab":65,"minecraft:oak_boat":31,"minecraft:waxed_cut_copper_stairs":46,"minecraft:tropical_fish_bucket":8,"minecraft:white_concrete":3759,"minecraft:warped_button":9,"minecraft:chorus_plant":9,"minecraft:purple_wool":17,"minecraft:cobweb":20,"minecraft:bone_meal":65,"minecraft:gray_stained_glass":40,"minecraft:oak_fence":96,"minecraft:oak_trapdoor":88,"minecraft:orange_concrete_powder":44,"minecraft:petrified_oak_slab":4,"minecraft:trident":26,"minecraft:netherite_sword":171,"minecraft:iron_bars":7,"minecraft:enchanting_table":4,"minecraft:dead_bush":7,"minecraft:brain_coral_fan":9,"minecraft:orange_concrete":6,"minecraft:flint_and_steel":33,"minecraft:carved_pumpkin":2,"minecraft:redstone_ore":1,"minecraft:red_concrete":1056,"minecraft:stone_shovel":9,"minecraft:redstone":229,"minecraft:light_blue_terracotta":24,"minecraft:mycelium":17,"minecraft:stripped_warped_stem":3,"minecraft:spruce_planks":1578,"minecraft:tinted_glass":208,"minecraft:ender_chest":5,"minecraft:brown_shulker_box":1,"minecraft:deepslate_gold_ore":3,"minecraft:netherrack":26,"minecraft:orange_bed":2,"minecraft:oak_door":40,"minecraft:orange_stained_glass":81,"minecraft:torch":150,"minecraft:target":1,"minecraft:dragon_egg":1,"minecraft:dirt":839,"minecraft:brewing_stand":2,"minecraft:red_nether_brick_slab":2,"minecraft:warped_wart_block":20,"minecraft:anvil":16,"minecraft:spyglass":182,"minecraft:ancient_debris":3,"minecraft:white_carpet":103,"minecraft:hopper":22,"minecraft:chorus_flower":6,"minecraft:nether_quartz_ore":1,"minecraft:spruce_stairs":400,"minecraft:cobblestone_wall":300,"minecraft:stone_stairs":2,"minecraft:yellow_carpet":3,"minecraft:spruce_fence":76,"minecraft:jungle_trapdoor":22,"minecraft:warped_pressure_plate":13,"minecraft:granite":4,"minecraft:blue_concrete":12,"minecraft:light_blue_stained_glass":42,"minecraft:oak_fence_gate":2,"minecraft:polished_diorite":477,"minecraft:fern":4,"minecraft:birch_door":8,"minecraft:shroomlight":81,"minecraft:mossy_cobblestone_stairs":38,"minecraft:purple_stained_glass_pane":1,"minecraft:brown_terracotta":191,"minecraft:dark_oak_planks":640,"minecraft:sea_lantern":99,"minecraft:bookshelf":121,"minecraft:red_tulip":1,"minecraft:light_gray_stained_glass":36,"minecraft:waxed_cut_copper":270,"minecraft:filled_map":2,"minecraft:yellow_stained_glass":538,"minecraft:iron_block":91,"minecraft:oak_stairs":483,"minecraft:slime_block":32,"minecraft:smooth_sandstone":81,"minecraft:spawner":1,"minecraft:chicken_spawn_egg":6,"minecraft:smooth_quartz":180,"minecraft:totem_of_undying":1,"minecraft:barrel":23,"minecraft:light_gray_wool":54,"minecraft:basalt":221,"minecraft:tripwire_hook":2,"minecraft:glowstone":38,"minecraft:lime_concrete":489,"minecraft:emerald_block":5,"minecraft:black_stained_glass":88,"minecraft:iron_trapdoor":11,"minecraft:tall_grass":6,"minecraft:dark_oak_pressure_plate":2,"minecraft:magenta_terracotta":16,"minecraft:white_stained_glass_pane":18,"minecraft:drowned_spawn_egg":1,"minecraft:minecart":169,"minecraft:crimson_pressure_plate":3,"minecraft:stone_pressure_plate":34,"minecraft:orange_terracotta":19,"minecraft:acacia_planks":8,"minecraft:observer":29,"minecraft:powder_snow_bucket":7,"minecraft:pumpkin":7,"minecraft:pointed_dripstone":19,"minecraft:deepslate_emerald_ore":2,"minecraft:crimson_stem":8,"minecraft:water_bucket":403,"minecraft:yellow_banner":2,"minecraft:warped_stem":20,"minecraft:light_blue_glazed_terracotta":21,"minecraft:iron_ore":1,"minecraft:tube_coral_block":1,"minecraft:cobblestone_stairs":145,"minecraft:dirt_path":160,"minecraft:sandstone_stairs":409,"minecraft:prismarine_brick_slab":1,"minecraft:lodestone":12,"minecraft:snow_block":70,"minecraft:birch_planks":18,"minecraft:polished_andesite":189,"minecraft:lime_wool":55,"minecraft:cartography_table":8,"minecraft:blue_wool":783,"minecraft:copper_block":741,"minecraft:birch_boat":1,"minecraft:black_shulker_box":42,"minecraft:fletching_table":4,"minecraft:sheep_spawn_egg":3,"minecraft:cauldron":22,"minecraft:spruce_sign":11,"minecraft:white_dye":2,"minecraft:beacon":6,"minecraft:glow_ink_sac":2,"minecraft:chiseled_nether_bricks":14,"minecraft:spruce_fence_gate":6,"minecraft:cobblestone_slab":13,"minecraft:gold_ore":5,"minecraft:deepslate_bricks":276,"minecraft:cracked_stone_bricks":10,"minecraft:waxed_copper_block":114,"minecraft:warped_roots":3,"minecraft:gilded_blackstone":11,"minecraft:cyan_glazed_terracotta":28,"minecraft:glow_item_frame":163,"minecraft:waxed_exposed_copper":55,"minecraft:pink_concrete":2672,"minecraft:polished_blackstone_pressure_plate":45,"minecraft:lime_terracotta":65,"minecraft:mossy_cobblestone":135,"minecraft:diamond_block":106,"minecraft:terracotta":43,"minecraft:rail":334,"minecraft:comparator":12,"minecraft:dark_prismarine_slab":12,"minecraft:crafting_table":16,"minecraft:oak_slab":37,"minecraft:tnt":23,"minecraft:strider_spawn_egg":1,"minecraft:red_bed":55,"minecraft:magenta_bed":2,"minecraft:birch_sign":11,"minecraft:brown_banner":3,"minecraft:yellow_stained_glass_pane":178,"minecraft:campfire":2,"minecraft:white_bed":7,"minecraft:dark_oak_fence_gate":3,"minecraft:lime_shulker_box":8,"minecraft:painting":57,"minecraft:magenta_carpet":2,"minecraft:smooth_red_sandstone_stairs":6,"minecraft:smoker":4,"minecraft:cake":60,"minecraft:spruce_log":74,"minecraft:dark_oak_door":9,"minecraft:oak_log":359,"minecraft:netherite_block":393,"minecraft:ender_eye":29,"minecraft:piston":33,"minecraft:cornflower":1,"minecraft:wooden_hoe":17,"minecraft:flower_pot":14,"minecraft:light":191,"minecraft:activator_rail":1,"minecraft:black_wool":130,"minecraft:warped_trapdoor":3,"minecraft:waxed_exposed_cut_copper_stairs":4,"minecraft:oxeye_daisy":2,"minecraft:acacia_sign":23,"minecraft:command_block":51,"minecraft:oak_button":7,"minecraft:pig_spawn_egg":10,"minecraft:map":59,"minecraft:lapis_ore":22,"minecraft:spruce_pressure_plate":7,"minecraft:detector_rail":26,"minecraft:jungle_stairs":154,"minecraft:cyan_concrete":1036,"minecraft:stone_slab":72,"minecraft:spruce_trapdoor":61,"minecraft:crimson_nylium":11,"minecraft:yellow_wool":31,"minecraft:crimson_sign":6,"minecraft:chiseled_stone_bricks":8,"minecraft:blue_carpet":3,"minecraft:green_carpet":2,"minecraft:cod_spawn_egg":21,"minecraft:cobblestone":989,"minecraft:potion":3,"minecraft:azalea_leaves":4,"minecraft:jukebox":4,"minecraft:cyan_stained_glass_pane":18,"minecraft:acacia_pressure_plate":2,"minecraft:red_concrete_powder":71,"minecraft:white_banner":33,"minecraft:sandstone_slab":574,"minecraft:red_banner":4,"minecraft:warped_fence_gate":3,"minecraft:lapis_block":38,"minecraft:jungle_door":2,"minecraft:bucket":3,"minecraft:polished_blackstone_button":13,"minecraft:glass_pane":485,"minecraft:magenta_glazed_terracotta":7,"minecraft:repeating_command_block":8,"minecraft:end_portal_frame":40,"minecraft:sea_pickle":14,"minecraft:soul_torch":45,"minecraft:stripped_oak_log":8,"minecraft:dandelion":18,"minecraft:splash_potion":28,"minecraft:kelp":40,"minecraft:purple_carpet":4,"minecraft:gray_wool":62,"minecraft:smooth_stone":19,"minecraft:candle":112,"minecraft:green_stained_glass":5,"minecraft:birch_stairs":2},"minecraft:custom":{"minecraft:animals_bred":1,"minecraft:interact_with_crafting_table":21,"minecraft:open_barrel":39,"minecraft:open_shulker_box":56,"minecraft:eat_cake_slice":96,"minecraft:leave_game":234,"minecraft:time_since_death":435833,"minecraft:sprint_one_cm":7883019,"minecraft:drop":114,"minecraft:talked_to_villager":1,"minecraft:play_time":7275532,"minecraft:deaths":5,"minecraft:jump":26364,"minecraft:interact_with_brewingstand":11,"minecraft:walk_on_water_one_cm":699242,"minecraft:enchant_item":1,"minecraft:interact_with_furnace":17,"minecraft:interact_with_cartography_table":31,"minecraft:interact_with_loom":24,"minecraft:sleep_in_bed":16,"minecraft:open_enderchest":28,"minecraft:damage_dealt":9586,"minecraft:interact_with_beacon":8,"minecraft:crouch_one_cm":474965,"minecraft:interact_with_smoker":3,"minecraft:use_cauldron":2,"minecraft:inspect_dispenser":81,"minecraft:inspect_dropper":22,"minecraft:interact_with_anvil":26,"minecraft:mob_kills":57,"minecraft:inspect_hopper":25,"minecraft:fill_cauldron":9,"minecraft:climb_one_cm":164292,"minecraft:walk_one_cm":8839698,"minecraft:target_hit":1,"minecraft:sneak_time":269975,"minecraft:walk_under_water_one_cm":1524692,"minecraft:boat_one_cm":652600,"minecraft:interact_with_lectern":15,"minecraft:interact_with_blast_furnace":4,"minecraft:total_world_time":8326328,"minecraft:tune_noteblock":231,"minecraft:pot_flower":11,"minecraft:time_since_rest":435865,"minecraft:damage_taken":2644,"minecraft:minecart_one_cm":2515196,"minecraft:swim_one_cm":220665,"minecraft:fly_one_cm":31874515,"minecraft:open_chest":291,"minecraft:pig_one_cm":17359,"minecraft:aviate_one_cm":16526093,"minecraft:fall_one_cm":24158},"minecraft:crafted":{"minecraft:heavy_weighted_pressure_plate":1,"minecraft:jack_o_lantern":1,"minecraft:filled_map":3,"minecraft:coal_block":6}},"DataVersion":2975}