{"stats":{"minecraft:used":{"minecraft:birch_door":2,"minecraft:oak_fence":2,"minecraft:netherite_sword":33,"minecraft:warped_stem":4,"minecraft:dispenser":1,"minecraft:firework_rocket":32,"minecraft:lead":1,"minecraft:powered_rail":2,"minecraft:quartz_pillar":25,"minecraft:lantern":1,"minecraft:lodestone":1,"minecraft:barrier":4,"minecraft:oak_planks":74,"minecraft:iron_block":25,"minecraft:carved_pumpkin":7,"minecraft:grass_block":19,"minecraft:armor_stand":3,"minecraft:oak_stairs":20,"minecraft:pig_spawn_egg":1,"minecraft:stone_button":1,"minecraft:quartz_block":288,"minecraft:lectern":1,"minecraft:chest":1,"minecraft:spruce_planks":44,"minecraft:stone":4,"minecraft:spruce_trapdoor":81,"minecraft:smooth_quartz":46,"minecraft:warped_sign":2,"minecraft:blue_bed":1,"minecraft:quartz_stairs":2,"minecraft:item_frame":2,"minecraft:smooth_quartz_stairs":2,"minecraft:rail":5,"minecraft:birch_trapdoor":14,"minecraft:cobblestone":14,"minecraft:brewing_stand":1,"minecraft:redstone_lamp":1,"minecraft:dirt":1,"minecraft:anvil":2,"minecraft:blast_furnace":1,"minecraft:minecart":2,"minecraft:glass_pane":46,"minecraft:andesite":2,"minecraft:chain":1,"minecraft:grass_path":4,"minecraft:mossy_cobblestone_wall":1,"minecraft:stone_pressure_plate":1,"minecraft:painting":1},"minecraft:dropped":{"minecraft:painting":1},"minecraft:picked_up":{"minecraft:birch_door":2,"minecraft:porkchop":3,"minecraft:iron_ingot":12,"minecraft:painting":1,"minecraft:poppy":3,"minecraft:powered_rail":1},"minecraft:killed":{"minecraft:pig":1,"minecraft:iron_golem":3},"minecraft:custom":{"minecraft:time_since_rest":81864,"minecraft:sprint_one_cm":164458,"minecraft:walk_one_cm":171347,"minecraft:mob_kills":4,"minecraft:drop":1,"minecraft:damage_dealt":3490,"minecraft:minecart_one_cm":90742,"minecraft:interact_with_crafting_table":2,"minecraft:fly_one_cm":462382,"minecraft:open_chest":3,"minecraft:crouch_one_cm":15205,"minecraft:play_one_minute":81864,"minecraft:sneak_time":6989,"minecraft:walk_under_water_one_cm":11104,"minecraft:interact_with_lectern":3,"minecraft:aviate_one_cm":246004,"minecraft:jump":514,"minecraft:leave_game":4,"minecraft:walk_on_water_one_cm":3464,"minecraft:time_since_death":81864,"minecraft:climb_one_cm":3365,"minecraft:inspect_dispenser":12}},"DataVersion":2586}