{
  "minecraft:recipes/transportation/rail": {
    "criteria": {
      "has_minecart": "2021-04-30 18:42:22 +0300"
    },
    "done": true
  },
  "minecraft:recipes/transportation/tnt_minecart": {
    "criteria": {
      "has_minecart": "2021-04-30 18:42:22 +0300"
    },
    "done": true
  },
  "minecraft:recipes/transportation/furnace_minecart": {
    "criteria": {
      "has_minecart": "2021-04-30 18:42:22 +0300"
    },
    "done": true
  },
  "minecraft:recipes/transportation/hopper_minecart": {
    "criteria": {
      "has_minecart": "2021-04-30 18:42:22 +0300"
    },
    "done": true
  },
  "minecraft:adventure/adventuring_time": {
    "criteria": {
      "minecraft:forest": "2021-04-30 18:43:47 +0300",
      "minecraft:river": "2021-04-30 18:43:30 +0300",
      "minecraft:plains": "2021-04-23 15:37:36 +0300"
    },
    "done": false
  },
  "minecraft:recipes/transportation/chest_minecart": {
    "criteria": {
      "has_minecart": "2021-04-30 18:42:22 +0300"
    },
    "done": true
  },
  "DataVersion": 2586
}